n,cohort,url,title,lastmod_sitemap,words_visible,cluster,search_intent,gallery_overlap,note_overlap_or_role,links_to_gallery
1,old27,https://www.toptik.co.il/blogs/מדריכים/טרולי-עלייה-למטוס,טרולי לעלייה למטוס: מדריך מידות וכללים,2026-08-22,870,cabin-baggage,commercial-investigation,medium,הגלריה מציגה מידות SKU בפועל; המדריך מחזיק את הכללים,0
2,old27,https://www.toptik.co.il/blogs/מדריכים/איך-לבחור-מזוודה,איך לבחור מזוודה: מדריך קנייה מלא,2026-08-22,907,choosing,commercial-investigation,medium,מדריך הבחירה הראשי; הגלריה לא תשכפל אותו,0
3,old27,https://www.toptik.co.il/blogs/מדריכים/מזוודה-קשיחה-או-רכה,מזוודה קשיחה או רכה: מה מתאים לכם?,2026-08-22,851,choosing,commercial-investigation,medium,הגלריה: השוואה חזותית של חומר/מבנה לפי SKU,0
4,old27,https://www.toptik.co.il/blogs/מדריכים/איך-לנקות-ולתחזק-מזוודה,איך לנקות ולתחזק מזוודה: מדריך מלא,2026-08-22,861,care,informational,none,ללא חפיפה,0
5,old27,https://www.toptik.co.il/blogs/מדריכים/מזוודה-גדולה-איך-לבחור-גודל-משקל-ונפח,"מזוודה גדולה: איך לבחור גודל, משקל ונפח",2026-09-04,1210,sizing,commercial-investigation,medium,מדריך גודל; הגלריה: השוואת גדלים חזותית,0
6,old27,https://www.toptik.co.il/blogs/מדריכים/תיק-איפור-לנסיעה-איך-אורזים-לטיסה,תיק איפור לנסיעה: כך אורזים נכון לטיסה,2026-09-04,1107,beauty-case,informational,low,הגלריה אינה כוללת תיקי איפור כקטגוריה מרכזית,0
7,old27,https://www.toptik.co.il/blogs/מדריכים/טרולי-או-תיק-גב-למטוס,טרולי או תיק גב למטוס: מה עדיף לנסיעה?,2026-08-22,1230,choosing,commercial-investigation,low,מדריך השוואה,0
8,old27,https://www.toptik.co.il/blogs/מדריכים/מה-כלול-בכרטיס-הטיסה-תיק-טרולי-או-מזוודה,"מה כלול בכרטיס הטיסה? כך בוחרים תיק, טרולי או מזוודה",2026-08-22,887,cabin-baggage,informational,low,"כללי חברות תעופה, לא מוצר",0
9,old27,https://www.toptik.co.il/blogs/מדריכים/מזוודה-23-קילו-איזה-גודל-לבחור,מזוודה ל־23 ק״ג: איזה גודל לבחור ואיך לא לחרוג במשקל,2026-09-04,958,sizing,commercial-investigation,medium,הגלריה: משקל עצמי/נפח לפי SKU,0
10,old27,https://www.toptik.co.il/blogs/מדריכים/תיק-מתחת-למושב-במטוס-מדריך,תיק מתחת למושב במטוס: איך בוחרים תיק אישי שבאמת מתאים,2026-08-22,838,personal-item,commercial-investigation,low,חופף חלקית עם תיק-מתחת-למושב-מה-נכנס (חדש),0
11,old27,https://www.toptik.co.il/blogs/מדריכים/תיק-גב-למחשב-לטיסה-ולעבודה,תיק גב למחשב לטיסה ולעבודה: מדריך לבחירת 15.6 אינץ׳,2026-08-22,826,laptop,commercial-investigation,low,ללא חפיפה עם הגלריה כיום,0
12,old27,https://www.toptik.co.il/blogs/מדריכים/מזוודות-סמסונייט-השוואת-סדרות,"מזוודות סמסונייט: איך לבחור בין Intuo, Urbify, C-Lite, Respark ו-Upscape",2026-09-03,898,samsonite,commercial-investigation,high,החפיפה הגבוהה ביותר: הגלריה מכילה פריטי Samsonite; אין לשכפל טבלת סדרות,0
13,old27,https://www.toptik.co.il/blogs/מדריכים/מזוודות-סמסונייט-קלות-משקל-נפח-גודל,"מזוודות סמסונייט קלות: איך להשוות משקל, נפח וגודל",2026-09-03,843,samsonite,commercial-investigation,high,כנ״ל,0
14,old27,https://www.toptik.co.il/blogs/מדריכים/טרולי-סמסונייט-55-סמ-easy-access-או-מתרחב,טרולי סמסונייט 55 ס״מ: Easy Access או טרולי מתרחב?,2026-09-03,884,samsonite,commercial-investigation,high,כנ״ל,0
15,old27,https://www.toptik.co.il/blogs/מדריכים/תיק-סמסונייט-לעסקים-biz2go-או-guardit-classy,תיק סמסונייט לעסקים: Biz2Go או Guardit Classy 2.0?,2026-09-03,784,samsonite,commercial-investigation,low,תיקי עבודה אינם ליבת הגלריה,0
16,old27,https://www.toptik.co.il/blogs/מדריכים/איך-לארוז-טרולי-לחופשה-קצרה-צק-ליסט,איך לארוז טרולי לחופשה קצרה: צ׳ק ליסט חכם,2026-09-03,725,packing,informational,none,ללא חפיפה,0
17,old27,https://www.toptik.co.il/blogs/מדריכים/איזה-גודל-מזוודה-מתאים-לשבוע-בחול,איזה גודל מזוודה מתאים לשבוע בחו״ל?,2026-09-03,672,sizing,commercial-investigation,medium,חופף בכוונה עם מדריכי גודל אחרים; בדיקת קניבליזציה,0
18,old27,https://www.toptik.co.il/blogs/מדריכים/מזוודה-28-אינץ-או-75-סמ-למי-מתאימה,מזוודה 28 אינץ׳ או 75 ס״מ: למי היא מתאימה?,2026-09-03,665,sizing,commercial-investigation,medium,הגלריה: מידות אמיתיות ב-ס״מ לפי SKU,0
19,old27,https://www.toptik.co.il/blogs/מדריכים/מזוודה-לנסיעה-ארוכה-כמה-נפח-צריך,מזוודה לנסיעה ארוכה: כמה נפח באמת צריך?,2026-09-03,654,sizing,commercial-investigation,medium,חופף עם שבוע-בחול ו-מזוודה-גדולה,0
20,old27,https://www.toptik.co.il/blogs/מדריכים/מזוודה-צבעונית-או-שחורה-איזה-צבע-עדיף,מזוודה צבעונית או שחורה: איזה צבע עדיף לטיסה?,2026-09-03,644,colour,commercial-investigation,medium,הגלריה מציגה צבעים לפי SKU; שם צבע רק מטבלת allowlist מתועדת,0
21,old27,https://www.toptik.co.il/blogs/מדריכים/טרולי-לנסיעת-עסקים-מה-אורזים-ואיך-שומרים-על-סדר,טרולי לנסיעת עסקים: מה אורזים ואיך שומרים על סדר?,2026-09-03,651,packing,informational,low,חופף חלקית עם נסיעת-עסקים-ליומיים-עד-ארבעה (חדש),0
22,old27,https://www.toptik.co.il/blogs/מדריכים/טרולי-קל-עם-גלגלים-שקטים-איך-לבחור,טרולי קל עם גלגלים שקטים: איך לבחור נכון?,2026-09-03,647,choosing,commercial-investigation,medium,הגלריה: תמונות גלגלים/מבנה,0
23,old27,https://www.toptik.co.il/blogs/מדריכים/מה-לארוז-לסוף-שבוע-בחול-רשימה-לטרולי,מה לארוז לסוף שבוע בחו״ל? רשימה לטרולי,2026-09-03,648,packing,informational,none,חופף עם סוף-שבוע-בלואו-קוסט (חדש),0
24,old27,https://www.toptik.co.il/blogs/מדריכים/טרולי-עם-תא-למחשב-נייד-למי-מתאים,טרולי עם תא למחשב נייד: למי הוא מתאים?,2026-09-03,702,laptop,commercial-investigation,medium,הגלריה: מבט פנימי על תא מחשב לפי SKU מאומת,0
25,old27,https://www.toptik.co.il/blogs/מדריכים/מזוודות-למשפחה-אחת-גדולה-או-שתיים-בינוניות,מזוודות למשפחה: אחת גדולה או שתיים בינוניות?,2026-09-19,705,family,commercial-investigation,low,ללא חפיפה,0
26,old27,https://www.toptik.co.il/blogs/מדריכים/מזוודה-מתרחבת-מתי-צריך-עוד-נפח-ומה-בודקים-לפני-הטיסה,מזוודה מתרחבת: מתי צריך עוד נפח ומה בודקים לפני הטיסה?,2026-09-19,625,sizing,commercial-investigation,medium,הגלריה: מידות במצב פתוח לפי SKU,0
27,old27,https://www.toptik.co.il/blogs/מדריכים/מזוודה-ותיק-איפור-תואמים-איך-בוחרים-סט-נסיעות-שימושי,מזוודה ותיק איפור תואמים: איך בוחרים סט נסיעות שימושי?,2026-09-19,628,beauty-case,commercial-investigation,low,ללא חפיפה,0
28,new30,https://www.toptik.co.il/blogs/מדריכים/מחלקת-עסקים-מה-מקבלים-ואיך-משווים-כרטיסים,מחלקת עסקים: מה באמת מקבלים ואיך משווים כרטיסים,2026-09-24,665,business-class,informational-travel,none,"נושא טיסה, לא מוצר",0
29,new30,https://www.toptik.co.il/blogs/מדריכים/איך-לבחור-מושב-במחלקת-עסקים-לפי-סוג-המטוס,איך לבחור מושב במחלקת עסקים לפי סוג המטוס,2026-09-24,644,business-class,informational-travel,none,,0
30,new30,https://www.toptik.co.il/blogs/מדריכים/מפת-מושבים-במטוס-איך-קוראים-לפני-הזמנה,מפת מושבים במטוס: כך קוראים אותה לפני ההזמנה,2026-09-24,630,business-class,informational-travel,none,חופף עם בחירת מושב,0
31,new30,https://www.toptik.co.il/blogs/מדריכים/טרקלינים-בנתבג-aspire-jetex-דן-king-david,"טרקלינים בנתב״ג: Aspire, JETEX, דן ו-King David",2026-09-24,633,business-class,informational-travel,none,,0
32,new30,https://www.toptik.co.il/blogs/מדריכים/מועדון-הנוסע-המתמיד-נקודות-סטטוס-ומימוש-חכם,"מועדון הנוסע המתמיד: נקודות, סטטוס ומימוש חכם",2026-09-24,611,business-class,informational-travel,none,,0
33,new30,https://www.toptik.co.il/blogs/מדריכים/שדרוג-למחלקת-עסקים-מתי-הצעה-משתלמת,שדרוג למחלקת עסקים: מתי הצעה באמת משתלמת,2026-09-24,612,business-class,informational-travel,none,חופף עם מחלקת-עסקים-או-פרימיום,0
34,new30,https://www.toptik.co.il/blogs/מדריכים/מחלקת-עסקים-או-פרימיום-מה-מתאים-לטיסה-ארוכה,מחלקת עסקים או פרימיום: מה מתאים לטיסה ארוכה,2026-09-24,625,business-class,informational-travel,none,,0
35,new30,https://www.toptik.co.il/blogs/מדריכים/כבודת-יד-לנוסע-עסקים-מה-חייב-להישאר-אתכם,כבודת יד לנוסע עסקים: מה חייב להישאר אתכם,2026-09-24,621,business-travel,informational-travel,low,,0
36,new30,https://www.toptik.co.il/blogs/מדריכים/תיק-עבודה-לטיסה-מחשב-מסמכים-וסדר,"תיק עבודה לטיסה: מחשב, מסמכים וסדר בתא הנוסעים",2026-09-24,612,business-travel,commercial-investigation,low,חופף עם תיק-גב-למחשב-לטיסה-ולעבודה (ישן),0
37,new30,https://www.toptik.co.il/blogs/מדריכים/אוכל-במחלקת-עסקים-ארוחה-מיוחדת-ואלרגיות,"אוכל במחלקת עסקים: ארוחה מיוחדת, אלרגיות והזמנה מראש",2026-09-24,604,business-class,informational-travel,none,,0
38,new30,https://www.toptik.co.il/blogs/מדריכים/wifi-וחשמל-במטוס-מה-לבדוק-לפני-נסיעת-עבודה,Wi-Fi וחשמל במטוס: מה לבדוק לפני נסיעת עבודה,2026-09-24,606,business-travel,informational-travel,none,,0
39,new30,https://www.toptik.co.il/blogs/מדריכים/גט-לג-בנסיעת-עסקים-איך-להגיע-מוכנים-לפגישה,ג׳ט לג בנסיעת עסקים: איך להגיע מוכנים לפגישה,2026-09-24,628,business-travel,informational-travel,none,,0
40,new30,https://www.toptik.co.il/blogs/מדריכים/קונקשן-בנסיעת-עסקים-כמה-זמן-להשאיר,קונקשן בנסיעת עסקים: כמה זמן להשאיר בין טיסות,2026-09-24,622,business-travel,informational-travel,none,חופף עם קונקשן-עצמי (חדש),0
41,new30,https://www.toptik.co.il/blogs/מדריכים/נסיעת-עסקים-ליומיים-עד-ארבעה-רשימת-אריזה,נסיעת עסקים ליומיים עד ארבעה: רשימת אריזה,2026-09-24,591,business-travel,informational,low,חופף עם טרולי-לנסיעת-עסקים (ישן),0
42,new30,https://www.toptik.co.il/blogs/מדריכים/טיסת-לילה-לעבודה-איך-לבחור-מושב-ולארוז,טיסת לילה לעבודה: איך לבחור מושב ולארוז חכם,2026-09-24,622,business-travel,informational-travel,none,,0
43,new30,https://www.toptik.co.il/blogs/מדריכים/טיסות-זולות-איך-משווים-מחיר-כולל-כבודה,טיסות זולות באמת: איך משווים מחיר כולל כבודה,2026-09-24,611,low-cost,informational-travel,none,אשכול טיסות זולות: 5 מאמרים בכוונות קרובות,0
44,new30,https://www.toptik.co.il/blogs/מדריכים/google-flights-התראות-מחיר-ותאריכים-גמישים,Google Flights: התראות מחיר ותאריכים גמישים,2026-09-24,606,low-cost,informational-travel,none,,0
45,new30,https://www.toptik.co.il/blogs/מדריכים/best-מול-cheapest-מתי-הטיסה-הזולה-עולה-ביוקר,Best מול Cheapest: מתי הטיסה הזולה עולה ביוקר,2026-09-24,605,low-cost,informational-travel,none,,0
46,new30,https://www.toptik.co.il/blogs/מדריכים/טרולי-למטוס-איך-מודדים-מידות-כולל-גלגלים,טרולי למטוס: איך מודדים מידות כולל גלגלים,2026-09-24,645,cabin-baggage,informational,medium,קרוב מאוד ל-טרולי-עלייה-למטוס (ישן): סיכון קניבליזציה,0
47,new30,https://www.toptik.co.il/blogs/מדריכים/תיק-מתחת-למושב-מה-נכנס-ואיך-אורזים,תיק מתחת למושב: מה נכנס ואיך אורזים,2026-09-24,595,personal-item,informational,low,קרוב ל-תיק-מתחת-למושב-במטוס-מדריך (ישן),0
48,new30,https://www.toptik.co.il/blogs/מדריכים/כבודת-יד-בריינאייר-מה-כלול-ומה-בתשלום,כבודת יד בריינאייר: מה כלול ומה דורש תשלום,2026-09-24,588,cabin-baggage,informational-travel,none,נתוני חברות: בדיקת עדכניות נדרשת,0
49,new30,https://www.toptik.co.il/blogs/מדריכים/כבודת-יד-באיזיגט-תיק-קטן-מול-טרולי,כבודת יד באיזיג׳ט: תיק קטן מול טרולי לתא העליון,2026-09-24,666,cabin-baggage,informational-travel,low,נתוני חברות: בדיקת עדכניות נדרשת,0
50,new30,https://www.toptik.co.il/blogs/מדריכים/כבודה-בוויז-אייר-תיק-חינם-priority-וטרולי,"כבודה בוויז אייר: תיק חינם, Priority וטרולי",2026-09-24,658,cabin-baggage,informational-travel,low,נתוני חברות: בדיקת עדכניות נדרשת,0
51,new30,https://www.toptik.co.il/blogs/מדריכים/כבודת-יד-בלבד-בנתבג-מסלול-w-ומה-להכין,כבודת יד בלבד בנתב״ג: מסלול W ומה להכין,2026-09-24,604,cabin-baggage,informational-travel,none,,0
52,new30,https://www.toptik.co.il/blogs/מדריכים/כשהטרולי-נשלח-לבטן-המטוס-בשער-מה-מוציאים,כשהטרולי נשלח לבטן המטוס בשער: מה מוציאים קודם,2026-09-24,633,cabin-baggage,informational,low,,0
53,new30,https://www.toptik.co.il/blogs/מדריכים/תוספות-בלואו-קוסט-מושב-צק-אין-וכבודה,"תוספות בלואו קוסט: מושב, צ׳ק-אין וכבודה",2026-09-24,602,low-cost,informational-travel,none,,0
54,new30,https://www.toptik.co.il/blogs/מדריכים/טיסות-זולות-ברגע-האחרון-מה-לבדוק,טיסות זולות ברגע האחרון: מה לבדוק לפני הזמנה,2026-09-24,590,low-cost,informational-travel,none,,0
55,new30,https://www.toptik.co.il/blogs/מדריכים/ביטול-טיסה-ועיכוב-אילו-מסמכים-לשמור,ביטול טיסה ועיכוב: אילו מסמכים לשמור,2026-09-24,578,low-cost,informational-travel,none,,0
56,new30,https://www.toptik.co.il/blogs/מדריכים/קונקשן-עצמי-בטיסה-זולה-הסיכון-במחיר,קונקשן עצמי בטיסה זולה: הסיכון שלא רואים במחיר,2026-09-24,594,low-cost,informational-travel,none,,0
57,new30,https://www.toptik.co.il/blogs/מדריכים/סוף-שבוע-בלואו-קוסט-רשימת-אריזה-קלה,סוף שבוע בלואו קוסט: רשימת אריזה קלה,2026-09-24,589,low-cost,informational,low,חופף עם מה-לארוז-לסוף-שבוע-בחול (ישן),0
